City_ID,City,Country,Date,Lat,Lng,Max Temp,Humidity,Cloudiness,Wind Speed
0,Provideniya,RU,2021-03-04 05:25:26,64.3833,-173.3,1.4,71,0,17.9
1,Lumeje,AO,2021-03-04 05:26:39,-11.55,20.7833,64.67,87,80,2.51
2,Fairbanks,US,2021-03-04 05:23:55,64.8378,-147.7164,-0.99,77,90,2.46
3,Hermanus,ZA,2021-03-04 05:26:42,-34.4187,19.2345,64.99,95,84,8.93
4,Rikitea,PF,2021-03-04 05:26:43,-23.1203,-134.9692,80.58,80,64,7.58
5,Cherskiy,RU,2021-03-04 05:26:43,68.75,161.3,0.36,97,100,5.5
6,Illapel,CL,2021-03-04 05:26:44,-31.6308,-71.1653,64.96,71,0,2.39
7,Leh,IN,2021-03-04 05:26:45,34.1667,77.5833,17.85,79,73,3.4
8,Sao Joao Da Barra,BR,2021-03-04 05:26:45,-21.6403,-41.0511,75.76,90,100,14.29
9,Kruisfontein,ZA,2021-03-04 05:26:46,-34.0033,24.7314,63.0,93,0,2.1
10,Hasaki,JP,2021-03-04 05:24:40,35.7333,140.8333,55.99,66,75,10.36
11,New Norfolk,AU,2021-03-04 05:24:36,-42.7826,147.0587,69.01,44,33,5.99
12,Mataura,NZ,2021-03-04 05:26:48,-46.1927,168.8643,64.0,45,11,8.01
13,Kapaa,US,2021-03-04 05:24:56,22.0752,-159.319,71.6,78,75,19.57
14,Pryozerne,UA,2021-03-04 05:26:50,45.2698,36.3303,36.84,80,0,6.58
15,Caravelas,BR,2021-03-04 05:26:51,-17.7125,-39.2481,73.58,87,17,3.13
16,Belaya Gora,RU,2021-03-04 05:26:52,68.5333,146.4167,-19.73,87,100,16.91
17,Tasiilaq,GL,2021-03-04 05:26:52,65.6145,-37.6368,32.0,80,90,9.22
18,Esperance,AU,2021-03-04 05:26:53,-33.8667,121.9,64.4,94,90,13.8
19,Port Alfred,ZA,2021-03-04 05:26:54,-33.5906,26.891,71.01,92,74,1.01
20,Lekoni,GA,2021-03-04 05:26:55,-1.5843,14.2591,76.41,77,81,7.63
21,Ambilobe,MG,2021-03-04 05:22:03,-13.2,49.05,80.89,84,35,0.31
22,Norman Wells,CA,2021-03-04 05:26:56,65.282,-126.8329,-25.6,75,1,4.05
23,Kavieng,PG,2021-03-04 05:23:10,-2.5744,150.7967,83.64,72,63,11.14
24,Barrow,US,2021-03-04 05:26:58,71.2906,-156.7887,-18.4,69,1,5.75
25,Gizo,SB,2021-03-04 05:27:00,-8.103,156.8419,84.92,72,94,19.33
26,Ushuaia,AR,2021-03-04 05:23:21,-54.8,-68.3,48.2,76,0,5.75
27,Batagay-Alyta,RU,2021-03-04 05:27:03,67.8006,130.4114,-13.07,83,100,9.89
28,Tuktoyaktuk,CA,2021-03-04 05:27:04,69.4541,-133.0374,-25.6,75,40,2.3
29,Jamestown,US,2021-03-04 05:24:19,42.097,-79.2353,34.0,95,90,8.84
30,Sibolga,ID,2021-03-04 05:27:05,1.7427,98.7792,91.18,48,27,4.29
31,Hilo,US,2021-03-04 05:25:22,19.7297,-155.09,71.6,68,1,3.44
32,Antalya,TR,2021-03-04 05:27:07,36.7741,30.7178,50.0,40,0,10.36
33,Butaritari,KI,2021-03-04 05:27:07,3.0707,172.7902,81.57,81,29,18.79
34,Geraldton,AU,2021-03-04 05:26:27,-28.7667,114.6,82.4,57,90,17.27
35,Kirakira,SB,2021-03-04 05:27:09,-10.4544,161.9205,80.22,84,99,11.99
36,Devils Lake,US,2021-03-04 05:25:11,48.1128,-98.8651,28.4,93,22,7.31
37,Puerto Ayora,EC,2021-03-04 05:24:37,-0.7393,-90.3518,75.99,95,87,1.57
38,Mato Verde,BR,2021-03-04 05:27:13,-15.3972,-42.8664,65.53,86,7,5.19
39,Salaya,IN,2021-03-04 05:27:14,22.3167,69.6,81.97,49,0,11.59
40,Hithadhoo,MV,2021-03-04 05:27:14,-0.6,73.0833,83.23,59,5,6.93
41,Muros,ES,2021-03-04 05:24:11,42.7762,-9.0603,50.0,94,100,5.82
42,Tres Lagoas,BR,2021-03-04 05:27:16,-20.7511,-51.6783,71.67,86,89,5.28
43,Voyvozh,RU,2021-03-04 05:27:17,62.892,54.9635,11.23,96,100,5.77
44,Nanortalik,GL,2021-03-04 05:27:17,60.1432,-45.2371,38.21,76,100,22.97
45,Punta Arenas,CL,2021-03-04 05:27:17,-53.15,-70.9167,50.0,76,75,8.05
46,Cabo San Lucas,MX,2021-03-04 05:23:55,22.8909,-109.9124,68.0,28,20,14.25
47,Tiksi,RU,2021-03-04 05:27:18,71.6872,128.8694,-12.87,89,100,10.16
48,Sitka,US,2021-03-04 05:27:19,57.0531,-135.33,35.6,93,90,5.75
49,Victoria,HK,2021-03-04 05:27:01,22.2855,114.1577,66.99,89,91,3.0
50,Saskylakh,RU,2021-03-04 05:27:20,71.9167,114.0833,-34.01,80,40,0.65
51,Saint Anthony,US,2021-03-04 05:27:20,45.0205,-93.218,36.0,69,1,3.53
52,Millau,FR,2021-03-04 05:27:21,44.0833,2.9167,39.99,93,20,2.3
53,Georgetown,MY,2021-03-04 05:26:06,5.4112,100.3354,91.0,62,20,6.91
54,Zhanaozen,KZ,2021-03-04 05:27:23,43.3,52.8,34.0,87,85,16.11
55,Vaini,TO,2021-03-04 05:27:25,-21.2,-175.2,82.4,78,75,9.22
56,Bougouni,ML,2021-03-04 05:27:26,11.417,-7.479,77.29,21,6,4.27
57,Port Elizabeth,ZA,2021-03-04 05:27:28,-33.918,25.5701,68.0,88,20,4.61
58,Waconia,US,2021-03-04 05:25:57,44.8508,-93.7869,35.01,79,100,4.18
59,Trebinje,BA,2021-03-04 05:24:05,42.7119,18.3442,37.4,81,0,3.44
60,Ribeira Grande,PT,2021-03-04 05:27:31,38.5167,-28.7,60.89,86,100,18.21
61,Bluff,NZ,2021-03-04 05:27:33,-46.6,168.3333,64.0,45,24,8.01
62,Shahrud,IR,2021-03-04 05:27:35,36.4182,54.9763,43.93,60,0,10.8
63,Cap Malheureux,MU,2021-03-04 05:27:36,-19.9842,57.6142,82.99,66,37,3.0
64,Qandala,SO,2021-03-04 05:27:37,11.472,49.8728,77.65,64,45,5.84
65,Mar Del Plata,AR,2021-03-04 05:25:07,-38.0023,-57.5575,71.01,94,0,3.44
66,Fez,MA,2021-03-04 05:27:39,34.0372,-4.9998,42.8,93,20,4.61
67,Kupang,ID,2021-03-04 05:24:07,-10.1667,123.5833,84.2,89,75,14.97
68,Whitehorse,CA,2021-03-04 05:24:39,60.7161,-135.0538,21.0,73,75,3.98
69,Grand Gaube,MU,2021-03-04 05:27:40,-20.0064,57.6608,82.99,66,23,3.0
70,Nome,US,2021-03-04 05:27:41,64.5011,-165.4064,-2.2,71,1,6.91
71,Nara,JP,2021-03-04 05:27:22,34.6851,135.8049,62.01,48,75,4.61
72,Princeton,US,2021-03-04 05:26:00,25.5384,-80.4089,68.0,72,75,12.66
73,Naliya,IN,2021-03-04 05:27:42,23.2667,68.8333,85.1,41,0,9.08
74,Kot Addu,PK,2021-03-04 05:27:43,30.4692,70.9671,73.4,56,0,8.05
75,Nemuro,JP,2021-03-04 05:27:44,43.3236,145.575,33.8,75,75,24.16
76,Qaanaaq,GL,2021-03-04 05:27:44,77.484,-69.3632,-21.62,77,71,9.73
77,Guaraniacu,BR,2021-03-04 05:27:45,-25.1008,-52.8781,64.08,100,100,3.38
78,Hobart,AU,2021-03-04 05:26:23,-42.8794,147.3294,69.01,32,0,19.57
79,Abu Dhabi,AE,2021-03-04 05:27:46,24.4667,54.3667,75.2,78,0,3.44
80,Henties Bay,NA,2021-03-04 05:27:47,-22.116,14.2845,69.24,73,0,3.15
81,Mae Sot,TH,2021-03-04 05:27:49,16.7167,98.5667,91.4,19,5,4.0
82,Bathsheba,BB,2021-03-04 05:27:50,13.2167,-59.5167,77.0,73,75,21.85
83,Praia,CV,2021-03-04 05:27:50,14.9215,-23.5087,71.6,49,0,21.85
84,Atambua,ID,2021-03-04 05:25:30,-9.1061,124.8925,82.17,73,50,4.79
85,Bethel,US,2021-03-04 05:27:52,41.3712,-73.414,34.0,74,1,5.01
86,Thompson,CA,2021-03-04 05:24:55,55.7435,-97.8558,8.6,92,1,2.3
87,Nizhniy Baskunchak,RU,2021-03-04 05:27:56,48.2198,46.8311,28.98,93,0,15.9
88,Bredasdorp,ZA,2021-03-04 05:27:57,-34.5322,20.0403,66.2,88,84,6.91
89,Ponta Do Sol,PT,2021-03-04 05:27:58,32.6667,-17.1,60.01,78,68,3.0
90,Yerbogachen,RU,2021-03-04 05:25:48,61.2767,108.0108,-18.9,83,8,5.77
91,Albany,US,2021-03-04 05:27:59,42.6001,-73.9662,35.6,69,90,11.5
92,Pevek,RU,2021-03-04 05:28:00,69.7008,170.3133,3.36,89,100,10.63
93,Dikson,RU,2021-03-04 05:25:11,73.5069,80.5464,-25.46,81,30,12.26
94,Padang,ID,2021-03-04 05:28:03,-0.9492,100.3543,87.8,66,20,6.91
95,Bozeman,US,2021-03-04 05:28:04,45.6796,-111.0386,37.0,80,1,6.91
96,Zemio,CF,2021-03-04 05:28:05,5.0314,25.1361,72.18,32,98,2.68
97,Port Blair,IN,2021-03-04 05:28:08,11.6667,92.75,86.0,74,40,9.22
98,Asau,RO,2021-03-04 05:28:08,46.4333,26.4,28.4,100,3,3.44
99,Malanje,AO,2021-03-04 05:28:09,-9.5402,16.341,64.67,97,100,2.17
100,Castro,BR,2021-03-04 05:28:10,-24.7911,-50.0119,62.8,96,100,3.56
101,Jaffna,LK,2021-03-04 05:28:11,9.6685,80.0074,82.04,60,19,9.08
102,Leninskiy,RU,2021-03-04 05:28:11,54.2781,37.4558,29.23,96,88,16.69
103,Lebu,CL,2021-03-04 05:28:12,-37.6167,-73.65,59.4,85,0,16.49
104,Saint-Philippe,RE,2021-03-04 05:28:12,-21.3585,55.7679,86.0,58,0,5.75
105,Cayenne,GF,2021-03-04 05:28:13,4.9333,-52.3333,79.0,89,75,3.44
106,Port Hardy,CA,2021-03-04 05:28:14,50.6996,-127.4199,44.6,87,90,10.36
107,Rio Branco,BR,2021-03-04 05:28:14,-9.9747,-67.81,73.4,100,20,5.75
108,Biak,ID,2021-03-04 05:28:15,-0.9131,122.8766,80.28,69,100,3.91
109,Severo-Yeniseyskiy,RU,2021-03-04 05:28:17,60.3725,93.0408,-2.74,89,100,6.93
110,Buala,SB,2021-03-04 05:28:18,-8.145,159.5921,80.64,82,96,10.31
111,Narsaq,GL,2021-03-04 05:28:19,60.9167,-46.05,48.2,34,75,44.87
112,Srednekolymsk,RU,2021-03-04 05:24:53,67.45,153.6833,-21.19,86,100,16.31
113,Ilulissat,GL,2021-03-04 05:26:56,69.2167,-51.1,26.6,80,91,12.66
114,Busselton,AU,2021-03-04 05:28:21,-33.65,115.3333,77.0,63,32,7.0
115,Cape Town,ZA,2021-03-04 05:28:21,-33.9258,18.4232,68.0,88,75,11.5
116,Novokizhinginsk,RU,2021-03-04 05:28:22,51.6115,109.5917,2.91,82,0,11.48
117,Southbridge,US,2021-03-04 05:28:22,42.0751,-72.0334,37.4,60,90,12.66
118,Jalingo,NG,2021-03-04 05:28:23,8.8833,11.3667,74.35,19,18,5.26
119,Sinalunga,IT,2021-03-04 05:28:23,43.2152,11.7495,44.01,85,0,1.54
120,Hof,DE,2021-03-04 05:28:23,50.3167,11.9167,39.0,86,77,4.0
121,Saint George,US,2021-03-04 05:27:14,37.1041,-113.5841,55.4,30,90,12.66
122,Pemba,MZ,2021-03-04 05:28:24,-12.974,40.5178,78.8,94,75,10.36
123,Karratha,AU,2021-03-04 05:28:25,-20.7377,116.8463,87.91,47,24,10.92
124,Sangar,RU,2021-03-04 05:28:25,63.9242,127.4739,-26.95,84,100,8.19
125,Saint-Augustin,CA,2021-03-04 05:28:26,51.226,-58.6502,12.69,96,58,3.96
126,Barranca,PE,2021-03-04 05:28:26,-10.75,-77.7667,71.98,77,91,3.8
127,Katsuura,JP,2021-03-04 05:26:13,35.1333,140.3,55.99,58,75,4.61
128,Kaitangata,NZ,2021-03-04 05:28:28,-46.2817,169.8464,57.0,79,58,12.71
129,Sisimiut,GL,2021-03-04 05:28:28,66.9395,-53.6735,22.39,90,90,12.66
130,Guanica,PR,2021-03-04 05:28:29,17.9716,-66.908,71.01,80,5,1.01
131,Ciudad Bolivar,VE,2021-03-04 05:28:29,8.1222,-63.5497,75.7,76,13,12.03
132,Otofuke,JP,2021-03-04 05:28:30,42.9917,143.2003,28.4,59,20,6.91
133,Harper,LR,2021-03-04 05:28:34,4.375,-7.7169,78.75,89,9,7.99
134,Yellowknife,CA,2021-03-04 05:25:00,62.456,-114.3525,-11.99,70,20,9.22
135,Codrington,AU,2021-03-04 05:28:35,-38.2667,141.9667,62.82,72,100,14.99
136,Brokopondo,SR,2021-03-04 05:28:36,4.75,-55.1667,76.08,85,85,9.84
137,Bonavista,CA,2021-03-04 05:28:37,48.6499,-53.1147,23.0,85,16,5.75
138,College,US,2021-03-04 05:28:37,64.8569,-147.8028,-0.99,77,90,2.57
139,Carnarvon,AU,2021-03-04 05:28:38,-24.8667,113.6333,80.6,65,57,11.5
140,Ostrovnoy,RU,2021-03-04 05:28:39,68.0531,39.5131,15.28,95,100,14.72
141,Anadyr,RU,2021-03-04 05:28:39,64.75,177.4833,6.8,85,90,64.87
142,Porosozero,RU,2021-03-04 05:28:40,62.7191,32.727,13.17,97,74,4.54
143,Nikolskoye,RU,2021-03-04 05:28:41,59.7035,30.7861,27.0,86,0,11.18
144,Ahipara,NZ,2021-03-04 05:28:42,-35.1667,173.1667,68.95,70,3,9.01
145,Chapais,CA,2021-03-04 05:28:42,49.7834,-74.8492,-9.4,70,1,8.05
146,Alamos,MX,2021-03-04 05:27:20,27.0167,-108.9333,69.01,53,79,3.29
147,Kendari,ID,2021-03-04 05:28:44,-3.945,122.4989,85.01,72,81,3.76
148,Mount Isa,AU,2021-03-04 05:24:56,-20.7333,139.5,100.4,14,83,21.85
149,Alekseyevsk,RU,2021-03-04 05:28:50,57.8406,108.3492,-8.28,83,45,1.97
150,Alofi,NU,2021-03-04 05:28:51,-19.0595,-169.9187,80.6,83,100,6.91
151,Rath,IN,2021-03-04 05:28:52,25.5833,79.5667,86.68,12,0,2.15
152,Krasnoselkup,RU,2021-03-04 05:28:55,65.7,82.4667,5.22,93,100,20.85
153,Graaff-Reinet,ZA,2021-03-04 05:29:00,-32.2522,24.5308,66.0,90,11,1.99
154,Haines Junction,CA,2021-03-04 05:29:01,60.7522,-137.5108,17.6,67,99,6.91
155,Kodiak,US,2021-03-04 05:25:37,57.79,-152.4072,32.0,55,1,21.85
156,Auki,SB,2021-03-04 05:29:04,-8.7676,160.7034,81.36,82,93,7.7
157,Avarua,CK,2021-03-04 05:29:05,-21.2078,-159.775,80.6,83,100,3.44
158,Superior,US,2021-03-04 05:29:07,46.7208,-92.1041,30.2,86,40,9.22
159,Shu,KZ,2021-03-04 05:29:08,43.5983,73.7614,42.1,85,92,8.34
160,Flinders,AU,2021-03-04 05:29:10,-34.5833,150.8552,82.0,58,15,4.0
161,Tiznit,MA,2021-03-04 05:29:11,29.5833,-9.5,54.18,77,2,0.94
162,Khatanga,RU,2021-03-04 05:26:02,71.9667,102.5,-30.05,81,0,6.87
163,Necochea,AR,2021-03-04 05:29:14,-38.5473,-58.7368,71.01,85,33,8.01
164,Ponta Delgada,PT,2021-03-04 05:29:16,37.7333,-25.6667,60.8,94,75,14.97
165,Hargeysa,SO,2021-03-04 05:29:17,9.56,44.065,63.73,64,0,4.41
166,Dhamrai,BD,2021-03-04 05:29:18,23.9202,90.2109,80.6,61,0,8.05
167,Inirida,CO,2021-03-04 05:29:19,3.8653,-67.9239,74.1,86,35,1.23
168,Constitucion,CL,2021-03-04 05:24:51,-35.3333,-72.4167,63.3,59,0,9.75
169,Luderitz,NA,2021-03-04 05:29:21,-26.6481,15.1594,67.42,61,0,11.74
170,Upernavik,GL,2021-03-04 05:29:22,72.7868,-56.1549,-9.98,84,100,18.88
171,Trairi,BR,2021-03-04 05:27:42,-3.2778,-39.2689,77.83,82,65,8.52
172,Arraial Do Cabo,BR,2021-03-04 05:29:24,-22.9661,-42.0278,76.17,88,76,23.89
173,Oktyabrskiy,RU,2021-03-04 05:29:25,54.4815,53.471,14.4,95,58,11.39
174,Atuona,PF,2021-03-04 05:29:26,-9.8,-139.0333,80.4,69,69,8.41
175,Hobyo,SO,2021-03-04 05:25:38,5.3505,48.5268,80.62,69,1,19.95
176,Kembe,CF,2021-03-04 05:29:28,4.6228,21.8865,67.68,36,62,1.23
177,Bowen,AU,2021-03-04 05:29:29,-20.0167,148.2333,82.4,69,90,21.85
178,Rock Springs,US,2021-03-04 05:27:25,41.5875,-109.2029,35.6,32,1,10.36
179,Limbang,MY,2021-03-04 05:29:30,4.75,115.0,89.6,66,75,9.22
180,Marzuq,YE,2021-03-04 05:29:31,14.4,46.4667,70.12,28,0,4.25
181,Chuy,UY,2021-03-04 05:29:32,-33.6971,-53.4616,71.62,92,60,9.95
182,Lerwick,GB,2021-03-04 05:29:35,60.1545,-1.1494,37.4,56,90,18.41
183,Lavrentiya,RU,2021-03-04 05:29:36,65.5833,-171.0,-14.06,88,100,5.84
184,Mahebourg,MU,2021-03-04 05:29:37,-20.4081,57.7,82.4,83,40,3.44
185,Bereda,ES,2021-03-04 05:29:38,43.2686,-7.5406,46.99,100,100,1.23
186,Disna,BY,2021-03-04 05:29:39,55.568,28.1971,32.27,95,100,10.29
187,Elat,IL,2021-03-04 05:29:42,29.5581,34.9482,51.8,66,0,3.89
188,Lac Du Bonnet,CA,2021-03-04 05:29:43,50.2536,-96.0612,18.41,95,0,5.93
189,Komsomolskiy,UZ,2021-03-04 05:29:46,40.4272,71.7189,44.6,76,78,6.91
190,Shangrao,CN,2021-03-04 05:29:47,28.4532,117.9686,60.01,70,61,2.35
191,Longyearbyen,SJ,2021-03-04 05:29:48,78.2186,15.6401,5.0,61,20,11.5
192,Bhanvad,IN,2021-03-04 05:29:49,21.9264,69.7736,86.0,37,0,16.11
193,East London,ZA,2021-03-04 05:29:52,-33.0153,27.9116,69.8,88,75,6.91
194,Husavik,IS,2021-03-04 05:26:36,66.0449,-17.3389,30.2,86,0,12.17
195,Menongue,AO,2021-03-04 05:29:55,-14.6585,17.691,59.49,93,79,1.79
196,Tayshet,RU,2021-03-04 05:29:56,55.9342,98.0044,0.57,91,88,5.95
197,Vila Velha,BR,2021-03-04 05:26:05,-20.3297,-40.2925,73.4,94,0,4.61
198,Ambulu,ID,2021-03-04 05:30:00,-8.345,113.6058,86.13,63,100,7.56
199,Polessk,RU,2021-03-04 05:30:01,54.862,21.1028,35.6,93,75,8.95
200,Aras,ES,2021-03-04 05:30:03,42.5617,-2.356,46.4,100,90,3.38
201,Makat,KZ,2021-03-04 05:30:05,47.6469,53.3463,26.89,96,78,14.97
202,Tilichiki,RU,2021-03-04 05:30:07,60.4667,166.1,-0.4,89,100,19.64
203,Hassleholm,SE,2021-03-04 05:30:08,56.1591,13.7664,34.0,93,90,6.91
204,Buraydah,SA,2021-03-04 05:29:29,26.326,43.975,68.0,60,0,8.05
205,Olafsvik,IS,2021-03-04 05:30:10,64.8945,-23.7142,40.53,92,91,16.91
206,Sorkjosen,NO,2021-03-04 05:30:11,69.8,20.9333,26.6,54,40,13.8
207,Najran,SA,2021-03-04 05:28:16,17.4924,44.1277,66.2,27,0,5.73
208,Gorontalo,ID,2021-03-04 05:30:13,0.5412,123.0595,86.88,63,96,2.48
209,Itarema,BR,2021-03-04 05:30:14,-2.9248,-39.9167,76.71,85,53,8.55
210,Faya,SA,2021-03-04 05:30:15,18.3851,42.4509,60.8,48,0,5.75
211,Mahina,PF,2021-03-04 05:30:16,-17.5065,-149.489,82.4,83,40,6.91
212,Siteki,SZ,2021-03-04 05:30:17,-26.45,31.95,68.88,88,6,1.88
213,Miri,MY,2021-03-04 05:30:19,4.4148,114.0089,86.0,79,40,6.91
214,Fortuna,US,2021-03-04 05:30:20,40.5982,-124.1573,42.01,93,31,3.62
215,Tandalti,SD,2021-03-04 05:30:21,13.0167,31.8667,72.03,19,77,18.81
216,Bethanien,NA,2021-03-04 05:30:23,-26.502,17.1583,76.57,32,0,2.55
217,Puerto Cabezas,NI,2021-03-04 05:30:26,14.0351,-83.3888,73.49,87,4,6.4
218,Saint-Pierre,RE,2021-03-04 05:30:29,-21.3393,55.4781,86.0,58,0,5.75
219,Torbay,CA,2021-03-04 05:30:30,47.6666,-52.7314,23.0,86,90,18.41
220,Malazgirt,TR,2021-03-04 05:30:31,39.1427,42.5401,24.89,94,87,3.06
221,Paita,PE,2021-03-04 05:30:33,-5.0892,-81.1144,76.17,71,64,5.32
222,La Ronge,CA,2021-03-04 05:30:36,55.1001,-105.2842,17.6,86,96,1.14
223,Beringovskiy,RU,2021-03-04 05:26:16,63.05,179.3167,26.42,98,100,47.58
224,Morondava,MG,2021-03-04 05:30:37,-20.2833,44.2833,81.77,76,98,7.23
225,Vestmannaeyjar,IS,2021-03-04 05:30:41,63.4427,-20.2734,39.45,78,93,10.96
226,Uyuni,BO,2021-03-04 05:30:43,-20.4597,-66.825,52.81,61,50,7.02
227,Kut Chap,TH,2021-03-04 05:30:43,17.4257,102.5669,88.0,62,20,4.61
228,Zhigansk,RU,2021-03-04 05:30:44,66.7697,123.3711,-26.5,82,100,6.98
229,Severo-Kurilsk,RU,2021-03-04 05:30:44,50.6789,156.125,26.26,93,94,36.51
230,North Platte,US,2021-03-04 05:29:21,41.1239,-100.7654,33.8,60,1,6.87
231,Kijang,KR,2021-03-04 05:30:45,35.2442,129.2139,53.6,58,75,5.75
232,Slave Lake,CA,2021-03-04 05:30:47,55.2834,-114.769,33.8,51,40,6.91
233,Chokurdakh,RU,2021-03-04 05:30:47,70.6333,147.9167,-17.43,88,100,16.42
234,Tezu,IN,2021-03-04 05:30:48,27.9167,96.1667,86.88,18,90,5.35
235,Cururupu,BR,2021-03-04 05:30:49,-1.8283,-44.8683,73.29,94,3,1.59
236,Touros,BR,2021-03-04 05:30:49,-5.1989,-35.4608,75.2,94,40,3.44
237,Bogande,BF,2021-03-04 05:30:50,12.9714,-0.1436,76.48,19,0,8.63
238,Tarauaca,BR,2021-03-04 05:30:51,-8.1614,-70.7656,70.18,97,73,2.15
239,Amga,RU,2021-03-04 05:30:52,60.8953,131.9608,-19.84,82,100,8.28
240,Salalah,OM,2021-03-04 05:30:52,17.0151,54.0924,77.0,69,0,3.44
241,Samoded,RU,2021-03-04 05:30:53,63.6083,40.5111,10.72,96,93,4.07
242,Camden,US,2021-03-04 05:30:39,39.7835,-74.9663,43.0,48,43,5.44
243,Benin,BJ,2021-03-04 05:30:55,9.5,2.25,67.82,26,47,2.84
244,Jipijapa,EC,2021-03-04 05:30:56,-1.3333,-80.5833,78.8,83,40,4.61
245,Keroka,KE,2021-03-04 05:30:57,-0.7758,34.9453,66.54,54,73,2.68
246,Hachinohe,JP,2021-03-04 05:30:58,40.5,141.5,45.0,33,0,4.0
247,Xining,CN,2021-03-04 05:30:58,36.6167,101.7667,45.28,41,100,2.19
248,Tolentino,IT,2021-03-04 05:30:59,43.2126,13.2901,42.01,87,0,4.61
249,Bemidji,US,2021-03-04 05:31:00,47.4736,-94.8803,30.0,69,1,5.35
250,Ixtapa,MX,2021-03-04 05:31:01,20.7,-105.2,71.01,89,4,1.99
251,Shingu,JP,2021-03-04 05:31:02,33.7333,135.9833,57.2,72,75,13.8
252,Kuloy,RU,2021-03-04 05:31:04,61.0305,42.4925,16.0,96,100,9.06
253,Pouebo,NC,2021-03-04 05:31:08,-20.4,164.5667,75.47,83,100,8.68
254,Kataysk,RU,2021-03-04 05:31:09,56.289,62.5841,23.09,96,47,11.9
255,Gangakher,IN,2021-03-04 05:31:10,18.95,76.75,86.0,26,0,2.3
256,Limbdi,IN,2021-03-04 05:31:11,22.5667,71.8,90.63,14,0,3.98
257,Qasigiannguit,GL,2021-03-04 05:31:13,68.8193,-51.1922,26.6,80,57,12.66
258,Sobolevo,RU,2021-03-04 05:31:14,54.4299,31.8996,31.06,97,67,10.49
259,Clyde River,CA,2021-03-04 05:31:16,70.4692,-68.5914,-22.0,76,1,3.44
260,Shambu,ET,2021-03-04 05:31:17,9.5667,37.1,64.27,58,73,2.8
261,Tautira,PF,2021-03-04 05:31:21,-17.7333,-149.15,82.4,83,40,6.91
262,Kavaratti,IN,2021-03-04 05:31:22,10.5669,72.642,83.1,64,1,7.63
263,Pocatello,US,2021-03-04 05:31:24,42.8713,-112.4455,32.0,86,1,3.87
264,Vigrestad,NO,2021-03-04 05:31:25,58.5667,5.7,32.0,88,11,9.8
265,Ibotirama,BR,2021-03-04 05:31:26,-12.1853,-43.2206,68.32,71,62,1.54
266,Kalaleh,IR,2021-03-04 05:31:27,37.3807,55.4916,46.4,87,90,6.91
267,Axim,GH,2021-03-04 05:31:28,4.8699,-2.2405,79.66,89,100,9.95
268,Venado Tuerto,AR,2021-03-04 05:30:03,-33.7456,-61.9688,71.01,99,99,5.95
269,Kafue,ZM,2021-03-04 05:31:30,-15.7691,28.1814,66.2,94,0,2.3
270,Sumbe,AO,2021-03-04 05:31:32,-11.2061,13.8437,78.17,79,97,3.0
271,Makakilo City,US,2021-03-04 05:31:33,21.3469,-158.0858,73.4,60,75,8.05
272,Kongoussi,BF,2021-03-04 05:31:34,13.3258,-1.5347,73.89,21,0,5.91
273,Cidreira,BR,2021-03-04 05:31:36,-30.1811,-50.2056,74.14,91,53,2.3
274,Dingle,PH,2021-03-04 05:31:38,10.9995,122.6711,84.87,70,97,14.94
275,Lagoa,PT,2021-03-04 05:31:39,39.05,-27.9833,59.18,86,99,20.09
276,Tungor,RU,2021-03-04 05:31:40,53.3808,142.9564,8.1,93,89,8.99
277,Armacao De Pera,PT,2021-03-04 05:31:41,37.1026,-8.357,59.0,77,20,18.41
278,Ankang,CN,2021-03-04 05:31:42,32.68,109.0172,66.54,35,3,2.24
279,Bengkulu,ID,2021-03-04 05:31:43,-3.8004,102.2655,86.67,62,79,8.5
280,Camacupa,AO,2021-03-04 05:31:44,-12.0167,17.4833,61.63,91,100,3.06
281,Campoverde,PE,2021-03-04 05:31:45,-8.4753,-74.8058,71.53,96,100,1.54
282,Marsa Matruh,EG,2021-03-04 05:31:46,31.3525,27.2453,57.2,67,40,9.22
283,Yashkino,RU,2021-03-04 05:31:47,55.8736,85.4265,17.01,79,75,20.13
284,Calbuco,CL,2021-03-04 05:31:48,-41.768,-73.1273,51.8,87,0,2.3
285,Pacific Grove,US,2021-03-04 05:31:49,36.6177,-121.9166,51.8,76,1,5.75
286,Jurm,AF,2021-03-04 05:31:50,36.8648,70.8342,45.12,56,58,3.31
287,Metu,ET,2021-03-04 05:31:51,8.3,35.5833,69.31,61,97,1.72
288,Leningradskiy,RU,2021-03-04 05:31:52,69.3833,178.4167,-10.48,86,100,31.94
289,Lahij,YE,2021-03-04 05:31:53,13.1667,44.5833,76.12,56,22,7.05
290,Yulara,AU,2021-03-04 05:31:54,-25.2406,130.9889,100.4,13,9,9.22
291,Adrar,MR,2021-03-04 05:31:54,20.5022,-10.0711,64.54,24,97,11.12
292,Chipata,ZM,2021-03-04 05:31:55,-13.6333,32.65,68.47,89,94,3.47
293,Udaipur,IN,2021-03-04 05:30:04,24.5712,73.6918,75.2,31,0,4.61
294,Otane,NZ,2021-03-04 05:31:57,-39.8833,176.6333,75.0,63,95,5.99
295,Dicabisagan,PH,2021-03-04 05:31:58,17.0818,122.4157,80.62,72,39,4.65
296,Mount Gambier,AU,2021-03-04 05:32:00,-37.8333,140.7667,64.4,63,90,12.66
297,Pitimbu,BR,2021-03-04 05:32:01,-7.4706,-34.8086,75.2,100,20,6.91
298,Hualmay,PE,2021-03-04 05:32:03,-11.0964,-77.6139,72.36,76,82,5.86
299,Katerero,TZ,2021-03-04 05:32:04,-1.4,31.7333,73.4,83,75,10.36
300,Payo,ID,2021-03-04 05:32:05,-3.7508,103.6372,88.18,56,99,4.36
301,Bafoulabe,ML,2021-03-04 05:32:05,13.8065,-10.8321,75.76,18,0,0.65
302,Acapulco,MX,2021-03-04 05:32:05,16.8634,-99.8901,74.77,67,53,4.0
303,Poum,NC,2021-03-04 05:32:06,-20.2333,164.0167,77.67,88,100,13.4
304,San Isidro,PE,2021-03-04 05:32:07,-12.1167,-77.05,75.99,83,0,5.75
305,Xian,CN,2021-03-04 05:32:07,34.2583,108.9286,64.0,51,83,6.71
306,Port Lincoln,AU,2021-03-04 05:32:08,-34.7333,135.8667,66.87,55,1,10.2
307,Mohacs,HU,2021-03-04 05:32:09,45.9931,18.6831,30.2,86,4,4.61
308,Mandali,IQ,2021-03-04 05:32:09,33.7499,45.5541,70.0,24,2,6.67
309,Lazaro Cardenas,MX,2021-03-04 05:32:10,17.9583,-102.2,70.48,83,0,4.09
310,Evensk,RU,2021-03-04 05:32:11,61.95,159.2333,-8.46,81,100,12.77
311,Nautla,MX,2021-03-04 05:32:12,20.2167,-96.7833,67.21,83,85,4.29
312,Dafeng,CN,2021-03-04 05:32:13,23.4517,108.5881,60.26,82,98,3.06
313,Derzhavinsk,KZ,2021-03-04 05:32:14,51.1,66.3167,30.85,98,100,26.24
314,Mount Vernon,US,2021-03-04 05:32:15,40.9126,-73.8371,44.6,49,90,7.87
315,Cockburn Town,TC,2021-03-04 05:32:16,21.4612,-71.1419,76.89,83,0,14.05
316,Esik,KZ,2021-03-04 05:32:17,43.3552,77.4525,35.6,87,75,8.95
317,Broome,US,2021-03-04 05:32:19,42.2506,-75.833,36.0,80,90,9.22
318,Santa Rosa,PH,2021-03-04 05:32:20,14.3122,121.1114,87.8,58,75,13.8
319,Dunedin,NZ,2021-03-04 05:32:20,-45.8742,170.5036,57.0,75,100,1.99
320,Port Arthur,CN,2021-03-04 05:32:21,38.8,121.2667,51.8,54,0,6.71
321,Bilma,NE,2021-03-04 05:32:22,18.6853,12.9164,62.85,25,0,8.66
322,Porto Nacional,BR,2021-03-04 05:32:23,-10.7081,-48.4172,73.4,100,20,3.44
323,Corner Brook,CA,2021-03-04 05:32:24,48.9667,-57.9484,24.8,86,90,13.8
324,Sao Felix Do Xingu,BR,2021-03-04 05:32:25,-6.6447,-51.995,70.2,96,96,1.45
325,Berlevag,NO,2021-03-04 05:32:26,70.8578,29.0864,28.4,69,40,25.32
326,Medvedovskaya,RU,2021-03-04 05:32:26,45.4531,39.0258,35.01,83,0,1.01
327,Kashi,CN,2021-03-04 05:32:27,39.4547,75.9797,50.0,29,20,4.47
328,Souillac,MU,2021-03-04 05:32:27,-20.5167,57.5167,82.4,83,40,3.44
329,Bafilo,TG,2021-03-04 05:32:27,9.35,1.2667,65.8,27,54,0.4
330,Deming,US,2021-03-04 05:32:28,32.2687,-107.7586,66.2,16,40,8.05
331,Vengerovo,RU,2021-03-04 05:32:29,55.6848,76.7471,29.28,98,100,17.72
332,Saldanha,ZA,2021-03-04 05:32:29,-33.0117,17.9442,62.6,88,17,4.61
333,Coahuayana,MX,2021-03-04 05:32:30,18.7333,-103.6833,68.63,65,0,3.65
334,Zyryanovsk,KZ,2021-03-04 05:32:31,49.7386,84.2719,15.12,91,74,0.74
335,Camargo,MX,2021-03-04 05:32:31,27.6667,-105.1667,67.28,25,78,8.03
336,Bay Roberts,CA,2021-03-04 05:32:32,47.5999,-53.2648,23.0,91,92,3.0
337,Mapimi,MX,2021-03-04 05:32:33,25.8167,-103.85,61.52,31,19,5.55
338,Tyazhinskiy,RU,2021-03-04 05:32:35,56.116,88.524,19.27,92,95,15.23
339,Edd,ER,2021-03-04 05:32:37,13.9297,41.6925,84.79,37,0,11.05
340,Jiangyou,CN,2021-03-04 05:32:37,31.7667,104.7167,51.96,67,100,3.04
341,Te Anau,NZ,2021-03-04 05:32:38,-45.4167,167.7167,54.46,54,46,9.6
342,Ust-Kulom,RU,2021-03-04 05:32:39,61.6864,53.6902,16.66,96,97,3.42
343,Ancud,CL,2021-03-04 05:32:41,-41.8697,-73.8203,55.4,82,0,5.75
344,Luanda,AO,2021-03-04 05:32:42,-8.8368,13.2343,80.6,83,75,2.3
345,Diffa,NE,2021-03-04 05:32:43,13.3154,12.6113,69.46,28,52,11.16
346,Jasper,US,2021-03-04 05:32:44,37.2001,-94.3502,48.2,46,1,6.91
347,Kaoma,ZM,2021-03-04 05:32:45,-14.7833,24.8,66.83,91,95,5.21
348,Lorengau,PG,2021-03-04 05:32:45,-2.0226,147.2712,82.72,78,51,12.95
349,Lompoc,US,2021-03-04 05:32:46,34.6391,-120.4579,44.6,81,1,3.76
350,Deputatskiy,RU,2021-03-04 05:32:47,69.3,139.9,-22.4,87,100,6.69
351,Nola,IT,2021-03-04 05:32:48,40.922,14.5329,48.0,87,1,2.3
352,Kununurra,AU,2021-03-04 05:32:49,-15.7667,128.7333,100.4,27,7,9.22
353,Methoni,GR,2021-03-04 05:32:51,36.8197,21.7049,51.01,75,0,2.51
354,Rocha,UY,2021-03-04 05:32:53,-34.4833,-54.3333,68.0,95,84,4.81
355,Pringsewu,ID,2021-03-04 05:32:54,-5.3582,104.9744,86.11,63,86,3.51
356,Newtownards,GB,2021-03-04 05:32:54,54.5924,-5.6909,37.99,75,90,5.75
357,Rabo De Peixe,PT,2021-03-04 05:32:55,37.8,-25.5833,60.8,94,75,14.97
358,Oranjemund,NA,2021-03-04 05:32:56,-28.55,16.4333,63.07,83,0,8.34
359,Oriximina,BR,2021-03-04 05:32:56,-1.7656,-55.8661,73.78,94,100,1.88
360,Faanui,PF,2021-03-04 05:32:57,-16.4833,-151.75,83.07,72,100,7.16
361,Mayumba,GA,2021-03-04 05:32:58,-3.432,10.6554,80.44,87,99,6.02
362,Nouadhibou,MR,2021-03-04 05:32:59,20.931,-17.0347,62.6,82,0,20.71
363,Coihaique,CL,2021-03-04 05:33:00,-45.5752,-72.0662,50.0,87,20,5.75
364,Kem,RU,2021-03-04 05:33:00,64.9555,34.5793,12.45,96,45,8.57
365,Nuuk,GL,2021-03-04 05:33:01,64.1835,-51.7216,41.0,52,75,21.85
366,Zonguldak,TR,2021-03-04 05:29:34,41.25,31.8333,31.23,96,0,2.64
367,Vila Franca Do Campo,PT,2021-03-04 05:33:03,37.7167,-25.4333,60.8,94,75,14.97
368,Xichang,CN,2021-03-04 05:33:04,27.8964,102.2634,70.0,29,17,8.79
369,Tukrah,LY,2021-03-04 05:33:05,32.5341,20.5791,53.26,57,0,5.46
370,Hamilton,US,2021-03-04 05:29:58,39.1834,-84.5333,45.0,65,1,5.91
371,Changji,CN,2021-03-04 05:33:07,44.0167,87.3167,28.4,74,67,4.47
372,Udachnyy,RU,2021-03-04 05:33:08,66.4167,112.4,-19.41,78,0,5.41
373,Safranbolu,TR,2021-03-04 05:33:10,41.2508,32.6942,36.36,79,11,1.97
374,Morros,BR,2021-03-04 05:33:10,-9.4467,-46.3003,70.61,90,78,0.2
375,Labuhan,ID,2021-03-04 05:33:11,-6.8844,112.2051,87.26,66,98,6.44
376,Indianola,US,2021-03-04 05:33:12,41.3581,-93.5574,42.8,75,1,4.61
377,Portland,US,2021-03-04 05:33:13,45.5234,-122.6762,46.99,75,1,0.69
378,Suwannaphum,TH,2021-03-04 05:33:14,15.6035,103.8021,91.0,58,75,5.75
379,Tura,IN,2021-03-04 05:33:15,25.5198,90.2201,83.88,15,0,7.16
380,Qaqortoq,GL,2021-03-04 05:33:16,60.7167,-46.0333,48.2,34,75,44.87
381,Falakata,IN,2021-03-04 05:33:17,26.5208,89.2055,85.64,13,0,6.06
382,Port-Gentil,GA,2021-03-04 05:33:20,-0.7193,8.7815,80.6,94,75,3.44
383,Puerto Maldonado,PE,2021-03-04 05:33:21,-12.6,-69.1833,72.12,98,81,1.41
384,Sokoni,TZ,2021-03-04 05:33:23,-6.4333,39.55,84.2,70,40,10.36
385,Linkoping,SE,2021-03-04 05:33:24,58.4109,15.6216,32.0,64,0,9.22
386,Marion,US,2021-03-04 05:33:18,39.7684,-86.1555,43.0,70,1,6.91
387,Pangnirtung,CA,2021-03-04 05:33:25,66.1451,-65.7125,11.23,87,100,1.9
388,Aden,YE,2021-03-04 05:33:26,12.7794,45.0367,77.67,76,0,13.76
389,Divnogorsk,RU,2021-03-04 05:33:27,55.9594,92.3619,8.6,66,77,4.47
390,Taree,AU,2021-03-04 05:31:15,-31.9,152.4667,77.0,53,52,13.8
391,Bambous Virieux,MU,2021-03-04 05:33:30,-20.3428,57.7575,82.4,83,40,3.44
392,Goleta,TN,2021-03-04 05:33:32,36.8181,10.305,53.6,87,20,3.44
393,Mareeba,AU,2021-03-04 05:33:33,-17.0,145.4333,93.99,43,97,12.66
394,Cuamba,MZ,2021-03-04 05:33:34,-14.8031,36.5372,73.08,91,100,3.09
395,Aripuana,BR,2021-03-04 05:33:35,-9.1667,-60.6333,71.6,99,100,2.37
396,Alcala De Henares,ES,2021-03-04 05:33:36,40.4821,-3.36,43.0,100,0,3.44
397,Sooke,CA,2021-03-04 05:30:04,48.3746,-123.7276,42.8,74,74,4.61
398,Bilibino,RU,2021-03-04 05:33:38,68.0546,166.4372,-3.1,95,100,11.88
399,Hohhot,CN,2021-03-04 05:33:39,40.8106,111.6522,48.2,27,0,4.47
400,Mutoko,ZW,2021-03-04 05:33:41,-17.397,32.2268,64.81,84,61,4.65
401,Qujing,CN,2021-03-04 05:33:41,25.4833,103.7833,68.61,30,27,25.46
402,High Level,CA,2021-03-04 05:33:42,58.5169,-117.136,6.8,78,20,10.36
403,Teguise,ES,2021-03-04 05:33:42,29.0605,-13.564,60.8,72,75,5.75
404,Rockport,US,2021-03-04 05:33:43,28.0206,-97.0544,59.0,88,1,9.22
405,Grindavik,IS,2021-03-04 05:33:43,63.8424,-22.4338,37.4,100,75,16.11
406,Guerrero Negro,MX,2021-03-04 05:33:43,27.9769,-114.0611,59.0,76,12,9.62
407,Jacqueville,CI,2021-03-04 05:33:44,5.2052,-4.4146,82.4,94,75,10.36
408,Murray Bridge,AU,2021-03-04 05:30:04,-35.1167,139.2667,77.0,34,0,14.54
409,Hailar,CN,2021-03-04 05:33:45,49.2,119.7,10.56,83,100,18.37
410,Sao Filipe,CV,2021-03-04 05:33:46,14.8961,-24.4956,69.85,78,57,9.93
411,Aklavik,CA,2021-03-04 05:33:46,68.2191,-135.0107,-20.2,76,97,1.14
412,Clinton,US,2021-03-04 05:29:25,42.587,-82.9199,35.01,87,80,10.09
413,Isla Vista,US,2021-03-04 05:29:21,34.4133,-119.861,48.99,76,1,6.91
414,Barberton,ZA,2021-03-04 05:33:48,-25.7884,31.0532,68.0,88,0,4.61
415,Port Shepstone,ZA,2021-03-04 05:33:48,-30.7414,30.455,75.81,80,49,7.67
416,Imbituba,BR,2021-03-04 05:33:49,-28.24,-48.6703,71.6,94,40,3.44
417,Pisco,PE,2021-03-04 05:33:49,-13.7,-76.2167,73.4,78,40,8.05
418,Pontal Do Parana,BR,2021-03-04 05:33:49,-25.6533,-48.5128,62.01,91,100,18.99
419,Comodoro Rivadavia,AR,2021-03-04 05:33:50,-45.8667,-67.5,60.8,88,75,4.61
420,Kargasok,RU,2021-03-04 05:33:50,59.0556,80.8572,18.86,96,100,12.73
421,Goderich,CA,2021-03-04 05:33:50,43.7501,-81.7165,32.0,86,99,16.11
422,Paamiut,GL,2021-03-04 05:33:51,61.994,-49.6678,41.65,63,100,8.28
423,Bedford,GB,2021-03-04 05:33:51,52.1346,-0.4663,37.99,96,100,5.99
424,Okhotsk,RU,2021-03-04 05:33:51,59.3833,143.3,-9.45,80,0,13.2
425,Nevelsk,RU,2021-03-04 05:33:52,46.6733,141.8633,33.8,93,75,15.66
426,Rognan,NO,2021-03-04 05:33:52,67.0953,15.3878,30.0,88,88,5.35
427,Orativ,UA,2021-03-04 05:33:52,49.1889,29.527,33.8,93,0,8.95
428,Windhoek,NA,2021-03-04 05:33:53,-22.5594,17.0832,62.01,63,0,6.91
429,Lata,PT,2021-03-04 05:33:53,40.1629,-8.3327,57.0,89,100,2.35
430,Mitsamiouli,KM,2021-03-04 05:33:53,-11.3847,43.2844,78.8,83,20,3.44
431,Galle,LK,2021-03-04 05:33:54,6.0367,80.217,85.73,54,0,9.1
432,Jega,NG,2021-03-04 05:29:09,12.2175,4.3792,76.26,17,15,12.53
433,Beisfjord,NO,2021-03-04 05:33:54,68.3751,17.5988,24.8,93,75,4.61
434,Naze,JP,2021-03-04 05:29:39,28.3667,129.4833,71.6,60,40,13.8
435,Miechow,PL,2021-03-04 05:33:55,50.3565,20.0279,39.0,87,0,4.61
436,Puerto Escondido,MX,2021-03-04 05:33:55,15.85,-97.0667,77.68,68,0,5.23
437,Kousseri,CM,2021-03-04 05:33:55,12.0769,15.0306,69.8,16,24,8.05
438,Aksarka,RU,2021-03-04 05:33:56,66.5606,67.7975,6.62,94,98,5.39
439,Gladstone,AU,2021-03-04 05:33:56,-23.85,151.25,78.8,65,90,17.27
440,Bacungan,PH,2021-03-04 05:33:57,9.9106,118.7022,87.8,70,40,6.91
441,Bandarbeyla,SO,2021-03-04 05:33:57,9.4942,50.8122,79.63,66,72,15.84
442,Hovd,MN,2021-03-04 05:33:57,48.0056,91.6419,24.62,51,0,3.2
443,Gubkinskiy,RU,2021-03-04 05:33:57,64.434,76.5026,9.91,91,96,15.61
444,Usinsk,RU,2021-03-04 05:33:58,65.9939,57.5281,8.71,93,97,6.4
445,Vostok,RU,2021-03-04 05:33:58,46.4856,135.8833,32.81,97,100,8.66
446,Nouakchott,MR,2021-03-04 05:33:58,18.0858,-15.9785,69.8,24,0,12.66
447,Talnakh,RU,2021-03-04 05:33:59,69.4865,88.3972,-14.62,72,39,10.47
448,Kieta,PG,2021-03-04 05:33:59,-6.2167,155.6333,81.39,78,88,10.94
449,Meybod,IR,2021-03-04 05:33:59,32.2501,54.0166,53.6,35,20,4.61
450,Myski,RU,2021-03-04 05:33:59,53.709,87.8014,25.39,78,91,5.08
451,Svetlyy,RU,2021-03-04 05:34:00,54.675,20.1347,36.0,93,75,8.95
452,Barcelona,ES,2021-03-04 05:30:06,41.3888,2.159,54.0,87,40,6.91
453,Shimoda,JP,2021-03-04 05:34:00,34.6667,138.95,55.4,67,75,10.36
454,Tigil,RU,2021-03-04 05:34:00,57.8,158.6667,1.62,76,95,23.73
455,Margate,GB,2021-03-04 05:34:01,51.3813,1.3862,42.01,91,100,4.0
456,Gimli,CA,2021-03-04 05:29:36,50.6336,-96.9907,23.0,80,27,6.35
457,Namibe,AO,2021-03-04 05:34:01,-15.1961,12.1522,74.12,83,25,6.4
458,Kuryk,KZ,2021-03-04 05:34:02,43.2,51.65,41.09,67,86,20.07
459,Buje,HR,2021-03-04 05:34:03,45.41,13.6619,41.0,80,0,8.05
460,Ahuimanu,US,2021-03-04 05:34:06,21.4447,-157.8378,71.6,78,75,19.57
461,Jishou,CN,2021-03-04 05:34:06,28.3167,109.7167,57.09,65,96,3.11
462,Linxia,CN,2021-03-04 05:31:19,35.6003,103.2064,47.98,42,100,5.32
463,Meulaboh,ID,2021-03-04 05:34:07,4.1363,96.1285,85.77,68,1,6.15
464,Koryukivka,UA,2021-03-04 05:34:09,51.7688,32.2481,32.56,95,5,14.14
465,Eyl,SO,2021-03-04 05:34:09,7.9803,49.8164,81.28,61,31,18.28
466,Rockford,US,2021-03-04 05:34:10,42.2711,-89.094,32.0,80,20,3.44
467,Qurbus,TN,2021-03-04 05:34:10,36.8167,10.5687,55.4,87,20,3.44
468,Tomaszow Lubelski,PL,2021-03-04 05:34:11,50.4477,23.4162,42.01,79,39,5.01
469,Oum Hadjer,TD,2021-03-04 05:34:12,13.2954,19.6966,71.69,20,97,11.48
470,Fort Worth,US,2021-03-04 05:31:25,32.7254,-97.3208,57.0,58,1,8.05
471,Matara,LK,2021-03-04 05:34:13,5.9485,80.5353,85.53,53,0,10.36
472,Emporia,US,2021-03-04 05:34:14,38.4039,-96.1817,46.4,42,1,9.22
473,Moranbah,AU,2021-03-04 05:34:19,-22.0016,148.0466,85.5,51,61,22.57
474,Lodwar,KE,2021-03-04 05:34:20,3.1191,35.5973,87.39,32,96,26.02
475,Karpathos,GR,2021-03-04 05:34:21,35.507,27.2132,57.2,67,20,20.71
476,Brusyliv,UA,2021-03-04 05:34:21,50.2845,29.5263,30.2,100,0,8.95
477,Mandalgovi,MN,2021-03-04 05:34:22,45.7625,106.2708,28.8,75,100,18.25
478,Gamba,GA,2021-03-04 05:34:23,-2.65,10.0,79.93,88,99,5.06
479,Gazli,UZ,2021-03-04 05:34:24,40.1333,63.45,56.57,43,93,11.03
480,Hofn,IS,2021-03-04 05:34:25,64.2539,-15.2082,35.31,84,26,7.25
481,Isangel,VU,2021-03-04 05:34:26,-19.55,169.2667,80.71,80,91,18.7
482,Outjo,NA,2021-03-04 05:34:27,-20.1167,16.15,66.06,60,0,4.81
483,Kloulklubed,PW,2021-03-04 05:34:30,7.0419,134.2556,86.0,70,75,14.97
484,Sokoto,NG,2021-03-04 05:34:30,13.0609,5.239,72.45,12,1,14.32
485,Santarem,BR,2021-03-04 05:33:25,-2.4431,-54.7083,77.0,94,75,13.8
486,Tarbagatay,RU,2021-03-04 05:34:33,51.4803,107.3602,8.6,33,1,11.18
487,Hami,CN,2021-03-04 05:34:34,42.8,93.45,48.54,30,51,8.16
488,Laguna,US,2021-03-04 05:34:26,38.421,-121.4238,48.99,81,1,10.36
489,Kholm,RU,2021-03-04 05:34:36,59.2667,32.85,23.88,90,72,7.2
490,Alenquer,BR,2021-03-04 05:34:37,-1.9417,-54.7383,77.0,94,75,13.8
491,Sterling,US,2021-03-04 05:30:04,39.0062,-77.4286,43.0,60,1,8.05
492,Hare Bay,CA,2021-03-04 05:34:40,48.8499,-54.0148,17.6,85,91,5.75
493,Qui Nhon,VN,2021-03-04 05:31:22,13.7667,109.2333,79.86,73,49,8.55
494,Khandagayty,RU,2021-03-04 05:34:43,50.7333,92.05,15.12,93,58,4.34
495,Nalhati,IN,2021-03-04 05:34:45,24.3,87.8167,91.33,10,0,7.11
496,Terrace Bay,CA,2021-03-04 05:34:46,48.7834,-87.1,10.4,72,49,6.91
497,Ust-Kuyga,RU,2021-03-04 05:34:49,70.0167,135.6,-13.22,91,100,9.64
498,Madang,PG,2021-03-04 05:34:50,-5.2246,145.7966,86.05,66,62,7.14
499,Gat,IL,2021-03-04 05:34:53,31.61,34.7642,46.0,100,89,1.99
500,Doctor Arroyo,MX,2021-03-04 05:34:55,23.6667,-100.1833,57.0,68,42,3.47
501,South Lake Tahoe,US,2021-03-04 05:33:09,38.9332,-119.9844,39.99,64,1,7.34
502,Dwarka,IN,2021-03-04 05:34:19,22.2394,68.9678,83.57,48,0,9.84
503,Camacha,PT,2021-03-04 05:34:58,33.0833,-16.3333,60.8,82,75,6.91
504,Pasrur,PK,2021-03-04 05:35:00,32.2641,74.6634,75.2,59,20,4.61
505,Young,UY,2021-03-04 05:35:01,-32.6833,-57.6333,75.99,84,95,1.99
506,Luckenwalde,DE,2021-03-04 05:35:04,52.0833,13.1667,41.0,86,33,8.99
507,Kusa,RU,2021-03-04 05:35:06,55.3383,59.4406,18.61,95,99,12.71
508,Morant Bay,JM,2021-03-04 05:35:07,17.8815,-76.4093,78.8,73,20,4.61
509,Susehri,TR,2021-03-04 05:33:27,40.1644,38.0867,27.99,86,25,3.96
510,Solnechnyy,RU,2021-03-04 05:35:11,50.7214,136.6319,28.04,79,66,4.65
511,Troitsko-Pechorsk,RU,2021-03-04 05:34:53,62.7084,56.1964,15.04,93,98,5.88
512,Kamaishi,JP,2021-03-04 05:35:13,39.2667,141.8833,50.0,50,40,10.36
513,Danville,US,2021-03-04 05:35:14,36.586,-79.395,48.2,37,1,4.61
514,Mahenge,TZ,2021-03-04 05:35:16,-8.6833,36.7167,65.68,100,100,1.12
515,Mattru,SL,2021-03-04 05:35:16,7.6244,-11.8332,76.57,94,27,2.55
516,Alakurtti,RU,2021-03-04 05:35:18,66.9672,30.3491,12.0,90,69,4.0
517,Baymak,RU,2021-03-04 05:35:19,52.5933,58.3225,16.83,94,46,14.23
518,General Pico,AR,2021-03-04 05:35:20,-35.6566,-63.7568,69.66,67,36,4.03
519,Taganak,PH,2021-03-04 05:35:22,6.0833,118.3,86.0,79,40,9.22
520,Tahoua,NE,2021-03-04 05:35:24,14.8888,5.2692,71.6,16,0,2.3
521,Esil,KZ,2021-03-04 05:35:25,51.9556,66.4042,31.33,98,100,22.5
522,Ndjole,GA,2021-03-04 05:35:26,-0.1783,10.7649,75.24,96,16,0.87
523,Inta,RU,2021-03-04 05:35:27,66.0317,60.1659,11.93,95,100,3.22
524,Abbeville,FR,2021-03-04 05:35:29,50.1,1.8333,46.0,75,51,7.43
525,Coro,VE,2021-03-04 05:35:30,11.4045,-69.6734,72.36,83,6,11.95
526,Kirksville,US,2021-03-04 05:35:31,40.1948,-92.5833,46.0,87,1,5.75
527,Churapcha,RU,2021-03-04 05:35:31,62.0025,132.4325,-20.15,83,100,8.5
528,Iqaluit,CA,2021-03-04 05:35:32,63.7506,-68.5145,-2.2,78,90,27.63
529,Cabedelo,BR,2021-03-04 05:35:35,-6.9811,-34.8339,75.2,100,20,6.91
530,Rock Sound,BS,2021-03-04 05:35:36,24.9,-76.2,76.28,80,0,14.05
531,Terrak,NO,2021-03-04 05:35:36,65.087,12.3715,32.0,86,75,5.75
532,North Bend,US,2021-03-04 05:35:37,43.4065,-124.2243,46.4,76,90,4.61
533,Kinablangan,PH,2021-03-04 05:35:38,7.6947,126.5503,82.31,78,56,10.63
534,Canandaigua,US,2021-03-04 05:35:39,42.8742,-77.288,35.01,68,99,8.01
535,Isla Mujeres,MX,2021-03-04 05:35:40,21.2311,-86.731,79.0,78,75,2.73
536,Ilebo,CD,2021-03-04 05:35:41,-4.3167,20.5833,74.89,83,100,2.1
537,Lenoir,US,2021-03-04 05:35:42,35.2335,-77.6497,42.01,100,1,5.95
538,San Cristobal,VE,2021-03-04 05:35:43,7.7669,-72.225,64.63,58,71,1.41
539,Karakol,KG,2021-03-04 05:35:43,42.4907,78.3936,35.24,55,0,2.28
540,Stromness,GB,2021-03-04 05:35:44,58.965,-3.296,37.4,70,75,17.27
541,Coromandel,BR,2021-03-04 05:35:45,-18.4733,-47.2003,64.06,96,67,3.04
542,Pedasi,PA,2021-03-04 05:35:46,7.5333,-80.0333,77.74,77,0,19.33
543,Keetmanshoop,NA,2021-03-04 05:35:47,-26.5833,18.1333,69.8,46,0,5.75
544,Benguela,AO,2021-03-04 05:33:55,-12.5763,13.4055,78.1,69,100,2.51
545,Hokitika,NZ,2021-03-04 05:35:49,-42.7167,170.9667,58.1,77,90,10.36
546,Klaksvik,FO,2021-03-04 05:35:50,62.2266,-6.589,26.6,86,83,6.76
547,Los Llanos De Aridane,ES,2021-03-04 05:35:51,28.6585,-17.9182,60.8,67,0,5.75
548,Omsukchan,RU,2021-03-04 05:35:52,62.5333,155.8,-31.52,78,100,8.95
549,Brae,GB,2021-03-04 05:35:55,60.3964,-1.353,37.4,60,90,14.97
550,Pouembout,NC,2021-03-04 05:35:56,-21.1333,164.9,77.49,83,100,4.27
551,Egvekinot,RU,2021-03-04 05:35:56,66.3167,-179.1667,-4.76,94,100,12.88
552,Tynda,RU,2021-03-04 05:35:58,55.1667,124.7167,-7.4,81,34,12.88
553,San Patricio,US,2021-03-04 05:35:58,28.017,-97.5169,55.99,87,40,8.05
554,Preobrazheniye,RU,2021-03-04 05:35:59,42.9019,133.9064,38.91,84,51,12.64
555,Thinadhoo,MV,2021-03-04 05:36:00,0.5333,72.9333,82.83,63,46,9.53
556,Nhulunbuy,AU,2021-03-04 05:36:02,-12.2333,136.7667,84.2,65,75,16.11
557,Bengbu,CN,2021-03-04 05:36:03,32.9408,117.3608,61.45,48,0,5.41
